{
    "Alipurduar": [
        "Alipurduar-I",
        "Alipurduar-II",
        "Falakata",
        "Kalchini",
        "Kumargram",
        "Madarihat-Birpara"
    ],
    "Bankura": [
        "Bankura-I",
        "Bankura-II",
        "Barjora",
        "Chhatna",
        "Gangajalghati",
        "Mejia",
        "Onda",
        "Shaltora",
        "Indpur",
        "Khatra",
        "Ranibandh",
        "Hirbandh",
        "Raipur",
        "Sarenga",
        "Simlapal",
        "Taldangra",
        "Bishnupur",
        "Joypur",
        "Kotulpur",
        "Patrasayer",
        "Sonamukhi"
    ],
    "Birbhum": [
        "Suri-I",
        "Suri-II",
        "Sainthia",
        "Dubrajpur",
        "Rajnagar",
        "Khoyrasole",
        "Mohammad Bazar",
        "Bolpur-Sriniketan",
        "Ilambazar",
        "Labpur",
        "Nanoor",
        "Rampurhat-I",
        "Rampurhat-II",
        "Mayureswar-I",
        "Mayureswar-II",
        "Nalhati-I",
        "Nalhati-II",
        "Murarai-I",
        "Murarai-II"
    ],
    "Cooch Behar": [
        "Cooch Behar-I",
        "Cooch Behar-II",
        "Dinhata-I",
        "Dinhata-II",
        "Sitai",
        "Mathabhanga-I",
        "Mathabhanga-II",
        "Sitalkuchi",
        "Mekhliganj",
        "Haldibari",
        "Tufanganj-I",
        "Tufanganj-II"
    ],
    "Dakshin Dinajpur": [
        "Balurghat",
        "Hili",
        "Kumarganj",
        "Tapan",
        "Gangarampur",
        "Kushmandi",
        "Bansihari",
        "Harirampur"
    ],
    "Darjeeling": [
        "Darjeeling-Pulbazar",
        "Rangli Rangliot",
        "Jorebunglow Sukhiapokhri",
        "Kurseong",
        "Mirik",
        "Siliguri",
        "Matigara",
        "Naxalbari",
        "Phansidewa",
        "Kharibari"
    ],
    "Hooghly": [
        "Chinsurah-Mughra",
        "Pandua",
        "Balagarh",
        "Polba-Dadpur",
        "Dhaniakhali",
        "Chandannagar",
        "Singur",
        "Haripal",
        "Tarakeswar",
        "Serampore-Uttarpara",
        "Chanditala-I",
        "Chanditala-II",
        "Jangipara",
        "Arambagh",
        "Khanakul-I",
        "Khanakul-II",
        "Pursurah",
        "Goghat-I",
        "Goghat-II"
    ],
    "Howrah": [
        "Bally-Jagachha",
        "Domjur",
        "Sankrail",
        "Panchla",
        "Jagatballavpur",
        "Uluberia-I",
        "Uluberia-II",
        "Amta-I",
        "Amta-II",
        "Udaynarayanpur",
        "Bagnan-I",
        "Bagnan-II",
        "Shyampur-I",
        "Shyampur-II"
    ],
    "Jalpaiguri": [
        "Jalpaiguri",
        "Maynaguri",
        "Dhupguri",
        "Rajganj",
        "Mal",
        "Matiali",
        "Nagrakata"
    ],
    "Jhargram": [
        "Jhargram",
        "Binpur-I",
        "Binpur-II",
        "Jamboni",
        "Nayagram",
        "Gopiballavpur-I",
        "Gopiballavpur-II",
        "Sankrail"
    ],
    "Kalimpong": [
        "Kalimpong-I",
        "Kalimpong-II",
        "Gorubathan"
    ],
    "Kolkata": [
        "Kolkata Municipal Corporation"
    ],
    "Malda": [
        "English Bazar",
        "Gazole",
        "Habibpur",
        "Old Malda",
        "Bamangola",
        "Kaliachak-I",
        "Kaliachak-II",
        "Kaliachak-III",
        "Manikchak",
        "Ratua-I",
        "Ratua-II",
        "Chanchal-I",
        "Chanchal-II",
        "Harishchandrapur-I",
        "Harishchandrapur-II"
    ],
    "Murshidabad": [
        "Berhampore",
        "Beldanga-I",
        "Beldanga-II",
        "Hariharpara",
        "Naoda",
        "Kandi",
        "Burwan",
        "Bharatpur-I",
        "Bharatpur-II",
        "Khargram",
        "Jiaganj",
        "Bhagwangola-I",
        "Bhagwangola-II",
        "Lalgola",
        "Murshidabad-Jiaganj",
        "Raghunathganj-I",
        "Raghunathganj-II",
        "Suti-I",
        "Suti-II",
        "Sagardighi",
        "Farakka",
        "Samserganj",
        "Jalangi",
        "Domkal",
        "Raninagar-I",
        "Raninagar-II"
    ],
    "Nadia": [
        "Krishnanagar-I",
        "Krishnanagar-II",
        "Nabadwip",
        "Kaliganj",
        "Nakashipara",
        "Chapra",
        "Tehatta-I",
        "Tehatta-II",
        "Karimpur-I",
        "Karimpur-II",
        "Ranaghat-I",
        "Ranaghat-II",
        "Shantipur",
        "Hanskhali",
        "Chakdaha",
        "Haringhata"
    ],
    "North 24 Parganas": [
        "Barasat-I",
        "Barasat-II",
        "Amdanga",
        "Deganga",
        "Habra-I",
        "Habra-II",
        "Rajarhat",
        "Bidhannagar",
        "Barrackpore-I",
        "Barrackpore-II",
        "Basirhat-I",
        "Basirhat-II",
        "Baduria",
        "Haroa",
        "Hasnabad",
        "Hingalganj",
        "Minakhan",
        "Sandeshkhali-I",
        "Sandeshkhali-II",
        "Swarupnagar",
        "Bongaon",
        "Gaighata",
        "Bagdah"
    ],
    "Paschim Bardhaman": [
        "Asansol Municipal Corporation",
        "Durgapur Municipal Corporation",
        "Pandabeswar",
        "Faridpur-Durgapur",
        "Kanksa",
        "Salanpur",
        "Barabani",
        "Raniganj",
        "Jamuria"
    ],
    "Paschim Medinipur": [
        "Midnapore Sadar",
        "Garhbeta-I",
        "Garhbeta-II",
        "Garhbeta-III",
        "Salboni",
        "Keshpur",
        "Kharagpur-I",
        "Kharagpur-II",
        "Debra",
        "Pingla",
        "Dantan-I",
        "Dantan-II",
        "Sabang",
        "Narayangarh",
        "Ghatal",
        "Chandrakona-I",
        "Chandrakona-II",
        "Daspur-I",
        "Daspur-II"
    ],
    "Purba Bardhaman": [
        "Burdwan-I",
        "Burdwan-II",
        "Bhatar",
        "Galsi-I",
        "Galsi-II",
        "Memari-I",
        "Memari-II",
        "Jamalpur",
        "Raina-I",
        "Raina-II",
        "Khandaghosh",
        "Kalna-I",
        "Kalna-II",
        "Manteswar",
        "Purbasthali-I",
        "Purbasthali-II",
        "Katwa-I",
        "Katwa-II",
        "Ketugram-I",
        "Ketugram-II",
        "Mongalkote",
        "Ausgram-I",
        "Ausgram-II"
    ],
    "Purba Medinipur": [
        "Tamluk",
        "Panskura",
        "Kolaghat",
        "Sahid Matangini",
        "Nandakumar",
        "Moyna",
        "Haldia",
        "Mahishadal",
        "Sutahata",
        "Nandigram-I",
        "Nandigram-II",
        "Contai-I",
        "Contai-II",
        "Contai-III",
        "Deshapran",
        "Khejuri-I",
        "Khejuri-II",
        "Ramnagar-I",
        "Ramnagar-II",
        "Egra-I",
        "Egra-II",
        "Patashpur-I",
        "Patashpur-II",
        "Bhagabanpur-I",
        "Bhagabanpur-II"
    ],
    "Purulia": [
        "Purulia-I",
        "Purulia-II",
        "Hura",
        "Puncha",
        "Para",
        "Raghunathpur-I",
        "Raghunathpur-II",
        "Neturia",
        "Santuri",
        "Kashipur",
        "Manbazar-I",
        "Manbazar-II",
        "Bandwan",
        "Barabazar",
        "Balarampur",
        "Arsha",
        "Baghmundi",
        "Jhalda-I",
        "Jhalda-II",
        "Joypur"
    ],
    "South 24 Parganas": [
        "Baruipur",
        "Sonarpur",
        "Bhangar-I",
        "Bhangar-II",
        "Jaynagar-I",
        "Jaynagar-II",
        "Kultali",
        "Canning-I",
        "Canning-II",
        "Basanti",
        "Gosaba",
        "Diamond Harbour-I",
        "Diamond Harbour-II",
        "Falta",
        "Magrahat-I",
        "Magrahat-II",
        "Kulpi",
        "Mandirbazar",
        "Mathurapur-I",
        "Mathurapur-II",
        "Patharpratima",
        "Kakdwip",
        "Namkhana",
        "Sagar",
        "Thakurpukur-Maheshtala",
        "Budge Budge-I",
        "Budge Budge-II",
        "Bishnupur-I",
        "Bishnupur-II"
    ],
    "Uttar Dinajpur": [
        "Raiganj",
        "Hemtabad",
        "Kaliaganj",
        "Itahar",
        "Islampur",
        "Goalpokhar-I",
        "Goalpokhar-II",
        "Karandighi",
        "Chopra"
    ]
}